run_id,model_name,seed,hf_only,no_conditioning,budget_target,budget_realized,b_tilde,n_samples_target,n_samples_realized,n_hf,lambd,xi_bar,ckpt_val_loss,val/nmse_avg,val/nrel_l2_loss_fields_avg,val/nrel_l2_loss_channels_avg,val/mse_avg,val/rel_l2_loss_fields_avg,val/rel_l2_loss_channels_avg
able_guppy_20260804_151736,Transolver,44,False,False,104857600.0,104839170.0,400,2301,2294,118,-1.0546875,0.4069743949473522,0.07780005037784576,0.01263337954878807,0.09506628662347794,0.09506628662347794,2485542977536.0,0.07672930508852005,0.07672930508852005
able_hornet_20260805_214349,Transolver,43,False,False,838860800.0,838846792.0,3200,23352,23278,507,-2.34375,0.2910770892343535,0.04985533654689789,0.006109177600592375,0.06344769895076752,0.06344769895076752,1137130078208.0,0.04952220991253853,0.04952220991253853
above_hound_20260804_064525,Transolver,42,False,False,104857600.0,104841295.0,400,1065,1060,270,2.3828125,0.7293383639866282,0.1233321949839592,0.027942363172769547,0.14873912930488586,0.14873911440372467,6281923395584.0,0.12242647260427475,0.12242647260427475
above_wolf_20260822_233307,Transolver,42,True,False,419430400.0,419430400.0,1600,1,1600,1600,19.999999962747097,1.0,0.06701414287090302,0.0076698604971170425,0.08002275228500366,0.08002275228500366,1878986850304.0,0.06650050729513168,0.06650050729513168
actual_falcon_20260804_110035,Transolver,43,False,False,104857600.0,104841295.0,400,1065,1060,270,2.3828125,0.7293383639866282,0.10957708209753036,0.021642014384269714,0.13078905642032623,0.13078907132148743,4865495924736.0,0.10821036249399185,0.10821036249399185
alert_baboon_20260807_011204,ABUPT,42,False,False,838860800.0,838843228.0,3200,33233,33123,0,-17.5,0.0210876126732601,0.09973520040512085,0.0450417622923851,0.12863458693027496,0.12863458693027496,7579586002944.0,0.10049550235271454,0.10049550235271454
alert_osprey_20260823_105718,Transolver,44,True,False,104857600.0,104857600.0,400,1,400,400,19.999999962747097,1.0,0.18732522428035736,0.05020219087600708,0.21270716190338135,0.21270719170570374,12906444881920.0,0.18623703718185425,0.18623703718185425
alive_koala_20260805_043302,ABUPT,43,False,False,209715200.0,209713170.0,800,896,896,774,18.75,0.9830357019778184,0.10268940031528473,0.01299586147069931,0.10286524891853333,0.10286524891853333,3237449826304.0,0.09839523583650589,0.09839523583650589
amazed_mink_20260803_202728,ABUPT,43,False,False,52428800.0,52428339.0,200,221,223,194,17.5,0.9793721368940738,0.42689937353134155,0.1368848830461502,0.39183101058006287,0.39183101058006287,33981047242752.0,0.41804012656211853,0.41804012656211853
amazed_slug_20260805_171102,ABUPT,42,False,False,419430400.0,419430133.0,1600,4261,4251,1075,2.6171875,0.7339437813266312,0.03857579454779625,0.0029503963887691498,0.046190038323402405,0.046190038323402405,661548957696.0,0.03807142376899719,0.038071420043706894
ample_clam_20260806_214932,Transolver,43,False,False,419430400.0,419430133.0,1600,4261,4251,1075,2.6171875,0.7339437813266312,0.05758540704846382,0.006410329602658749,0.07087595015764236,0.07087595015764236,1437347872768.0,0.056959498673677444,0.056959498673677444
ample_shrimp_20260803_201558,ABUPT,42,False,False,52428800.0,52410112.0,200,1458,1455,30,-2.34375,0.3000680123242526,0.08991952240467072,0.01736869290471077,0.1044134870171547,0.1044134870171547,3339210981376.0,0.08891896903514862,0.08891896903514862
amused_llama_20260803_011737,ABUPT,42,False,False,26214400.0,26193356.0,100,575,577,29,-1.02783203125,0.4076257685657341,0.15923155844211578,0.04374922066926956,0.16783033311367035,0.16783033311367035,8721419730944.0,0.15548749268054962,0.15548749268054962
amused_shiner_20260805_043602,ABUPT,43,False,False,209715200.0,209707300.0,800,2131,2134,538,2.421875,0.7274590302740472,0.05169227346777916,0.0052535333670675755,0.06084354966878891,0.06084354966878891,1162733158400.0,0.0505622997879982,0.0505622997879982
apt_piglet_20260823_185410,ABUPT,42,True,False,26214400.0,26214400.0,100,1,100,100,19.999999962747097,1.0,0.6509189605712891,0.3860403597354889,0.6288394331932068,0.6288394331932068,90793578594304.0,0.635141909122467,0.6351418495178223
aware_eft_20260804_014827,Transolver,44,False,False,52428800.0,52410112.0,200,1458,1455,30,-2.34375,0.3000680123242526,0.1074952781200409,0.025615986436605453,0.1331283152103424,0.1331283152103424,4924790800384.0,0.1067746952176094,0.1067746952176094
aware_panda_20260804_214506,Transolver,42,False,False,419430400.0,419430133.0,1600,4261,4251,1075,2.6171875,0.7339437813266312,0.056896135210990906,0.006194791290909052,0.06990654021501541,0.06990654021501541,1389019398144.0,0.05622320622205734,0.05622320622205734
bold_ape_20260803_214125,Transolver,43,False,False,52428800.0,52417047.0,200,1149,1147,57,-1.09375,0.4165646680822171,0.11153466999530792,0.025826100260019302,0.1363135278224945,0.1363135278224945,5196574883840.0,0.11035991460084915,0.11035991460084915
boss_mule_20260806_020714,Transolver,44,False,False,838860800.0,838854003.0,3200,28292,28390,134,-4.21875,0.18073262259916695,0.048168428242206573,0.00588759733363986,0.06131964176893234,0.06131964176893234,1050558464000.0,0.04774366319179535,0.04774366319179535
brief_hornet_20260805_220736,ABUPT,43,False,False,419430400.0,419406486.0,1600,1791,1798,1546,18.75,0.983147943476678,0.0563105009496212,0.005702795460820198,0.06624523550271988,0.06624523550271988,1381286150144.0,0.05574120953679085,0.05574120953679085
bright_kite_20260822_204642,Transolver,42,True,False,52428800.0,52428800.0,200,1,200,200,19.999999962747097,1.0,0.3744862973690033,0.19530348479747772,0.3869745433330536,0.3869745433330536,49218446163968.0,0.3650871515274048,0.3650871515274048
bright_wahoo_20260824_032126,ABUPT,42,True,False,1677721600.0,1677721600.0,6400,1,6400,6400,19.999999962747097,1.0,0.035027243196964264,0.002284666523337364,0.04244215786457062,0.04244215786457062,557644251136.0,0.03489839658141136,0.03489839658141136
busy_duck_20260803_030606,Transolver,42,False,False,26214400.0,26211485.0,100,883,879,4,-4.0625,0.1949942009102404,0.14798663556575775,0.04738844186067581,0.17957563698291779,0.17957563698291779,8940455723008.0,0.1464395970106125,0.1464395821094513
calm_filly_20260803_050330,Transolver,43,False,False,26214400.0,26210764.0,100,267,266,67,2.40234375,0.7406009235854293,0.2659547030925751,0.1137457937002182,0.303204745054245,0.303204745054245,25307220279296.0,0.2626081705093384,0.2626081705093384
calm_mayfly_20260804_015608,ABUPT,43,False,False,52428800.0,52409792.0,200,2077,2068,0,-17.5,0.02229154182171743,0.12498366087675095,0.0443556010723114,0.14172571897506714,0.14172571897506714,7577799753728.0,0.12251198291778564,0.12251198291778564
caring_leech_20260805_171529,Transolver,42,False,False,838860800.0,838860016.0,3200,13471,13464,1484,0.390625,0.542995126229224,0.05252088978886604,0.006017808802425861,0.06599941849708557,0.06599941849708557,1243957821440.0,0.052145637571811676,0.052145637571811676
caring_martin_20260803_011438,ABUPT,42,False,False,26214400.0,26199511.0,100,421,421,45,0.4296875,0.5562936389629269,0.25085586309432983,0.07549963891506195,0.2440062016248703,0.2440062016248703,16295288373248.0,0.24427475035190582,0.24427475035190582
caring_racer_20260804_223636,Transolver,42,False,False,209715200.0,209704166.0,800,8309,8279,0,-17.5,0.02133059996692287,0.11636055260896683,0.035424087196588516,0.14334262907505035,0.14334262907505035,5983939067904.0,0.1151689738035202,0.1151689738035202
casual_hound_20260804_192346,ABUPT,44,False,False,104857600.0,104852475.0,400,448,448,387,18.75,0.983258913615706,0.2254565805196762,0.056965891271829605,0.20476187765598297,0.20476187765598297,14062552350720.0,0.2181168794631958,0.2181168645620346
causal_magpie_20260806_172836,ABUPT,43,False,False,838860800.0,838860016.0,3200,13471,13464,1484,0.390625,0.542995126229224,0.03359373286366463,0.002591860480606556,0.04200313612818718,0.042003143578767776,535770562560.0,0.03349224850535393,0.03349224850535393
causal_tiger_20260823_000948,ABUPT,42,False,False,1677721600.0,1677715874.0,6400,66469,66252,0,-17.5,0.020946841248176647,0.09314519912004471,0.038419950753450394,0.12146107852458954,0.12146107852458954,6480132571136.0,0.09344784915447235,0.09344784915447235
chief_kiwi_20260806_014805,ABUPT,43,False,False,419430400.0,419426921.0,1600,16616,16558,0,-17.5,0.02142725451478946,0.09445614367723465,0.03799104690551758,0.12349715083837509,0.12349715083837509,6415269756928.0,0.09465127438306808,0.09465127438306808
chief_mullet_20260806_063221,ABUPT,44,False,False,419430400.0,419409792.0,1600,14145,14181,69,-4.21875,0.18093220968655863,0.03459645062685013,0.00315708015114069,0.04358302429318428,0.04358302429318428,567730241536.0,0.034410133957862854,0.034410133957862854
chief_panda_20260803_213228,Transolver,43,False,False,52428800.0,52423197.0,200,530,530,135,2.421875,0.7305649158057379,0.18109998106956482,0.05323682725429535,0.20748773217201233,0.20748774707317352,12062456545280.0,0.17930476367473602,0.17930474877357483
chief_zebra_20260824_085727,ABUPT,43,True,False,209715200.0,209715200.0,800,1,800,800,19.999999962747097,1.0,0.1078977957367897,0.014338595792651176,0.10938724130392075,0.10938724130392075,3629812023296.0,0.10333677381277084,0.10333677381277084
choice_turkey_20260803_065729,Transolver,43,False,False,26214400.0,26211485.0,100,883,879,4,-4.0625,0.1949942009102404,0.14956656098365784,0.04717760533094406,0.1790819764137268,0.1790819764137268,8900676943872.0,0.14749009907245636,0.14749009907245636
clean_ant_20260804_182335,Transolver,42,False,False,209715200.0,209707300.0,800,2131,2134,538,2.421875,0.7274590302740472,0.06929025053977966,0.009064314886927605,0.08356855064630508,0.08356855809688568,2006150938624.0,0.0684303566813469,0.0684303566813469
clear_bird_20260805_072947,ABUPT,43,False,False,209715200.0,209701241.0,800,7073,7051,39,-4.21875,0.18238546256253954,0.04136042296886444,0.004399200435727835,0.051170025020837784,0.051170025020837784,792484511744.0,0.0410391166806221,0.0410391166806221
clear_deer_20260807_020226,Transolver,44,False,False,419430400.0,419430133.0,1600,4261,4251,1075,2.6171875,0.7339437813266312,0.05525364354252815,0.0059649101458489895,0.06800618022680283,0.06800618022680283,1337474416640.0,0.05474654212594032,0.05474654212594032
clever_crane_20260803_110440,Transolver,44,False,False,26214400.0,26190088.0,100,1038,1033,0,-17.5,0.02294235589574641,0.2046169489622116,0.10703433305025101,0.2510075569152832,0.2510075569152832,18888215494656.0,0.2028653770685196,0.2028653472661972
close_iguana_20260806_150011,Transolver,44,False,False,1677721600.0,1677720160.0,6400,17037,16953,4302,2.65625,0.7370188731964236,0.05110679939389229,0.005379313603043556,0.06392604857683182,0.06392604857683182,1185003077632.0,0.0506880022585392,0.0506880022585392
comic_kid_20260803_093643,ABUPT,44,False,False,26214400.0,26210764.0,100,267,266,67,2.40234375,0.7406009235854293,0.5657286643981934,0.17013107240200043,0.43390217423439026,0.43390217423439026,37852343697408.0,0.5476981997489929,0.5476981997489929
cool_sponge_20260803_052046,Transolver,43,False,False,26214400.0,26197134.0,100,729,728,15,-2.34375,0.2987627574072062,0.18249276280403137,0.06876614689826965,0.21918876469135284,0.21918876469135284,13327049687040.0,0.18001218140125275,0.18001218140125275
cosmic_foal_20260823_051756,Transolver,43,True,False,209715200.0,209715200.0,800,1,800,800,19.999999962747097,1.0,0.1081036776304245,0.018236612901091576,0.1269659399986267,0.1269659399986267,4616594915328.0,0.1069716066122055,0.1069716066122055
cosmic_kid_20260822_233612,Transolver,42,True,False,838860800.0,838860800.0,3200,1,3200,3200,19.999999962747097,1.0,0.0554438941180706,0.005473538301885128,0.06768034398555756,0.06768034398555756,1338399391744.0,0.05499604344367981,0.05499604344367981
cosmic_kitten_20260803_121738,ABUPT,44,False,False,26214400.0,26197134.0,100,729,728,15,-2.34375,0.2987627574072062,0.14161163568496704,0.04215438291430473,0.15814922749996185,0.15814922749996185,8169623388160.0,0.13930481672286987,0.13930481672286987
cosmic_pigeon_20260822_204534,ABUPT,42,False,False,1677721600.0,1677714708.0,6400,7151,7164,6190,19.6875,0.9843523485607059,0.0364321805536747,0.002285516355186701,0.04235024377703667,0.04235024005174637,551827996672.0,0.03594014421105385,0.03594014421105385
cosmic_tapir_20260806_221709,ABUPT,42,False,False,838860800.0,838854003.0,3200,28292,28390,134,-4.21875,0.18073262259916695,0.03552810102701187,0.003367670811712742,0.045014459639787674,0.045014459639787674,600913281024.0,0.03531363606452942,0.03531363978981972
crisp_baboon_20260806_080754,Transolver,42,False,False,1677721600.0,1677701510.0,6400,36810,36747,1913,-1.015625,0.40245940839773153,0.05190408229827881,0.006303226109594107,0.06574302911758423,0.06574302166700363,1220070866944.0,0.05144178867340088,0.05144178867340088
daring_marten_20260804_215551,ABUPT,44,False,False,104857600.0,104837992.0,400,1683,1679,188,0.1953125,0.535317719518597,0.06362663209438324,0.008736313320696354,0.07575570046901703,0.07575570046901703,1813639069696.0,0.06291120499372482,0.06291120499372482
daring_mouse_20260805_171829,Transolver,42,False,False,838860800.0,838854692.0,3200,18411,18433,948,-1.03515625,0.4019849236052932,0.04947288706898689,0.005661776755005121,0.06256834417581558,0.06256834417581558,1104442425344.0,0.04909846931695938,0.04909846931695938
dear_kit_20260824_032918,ABUPT,43,True,False,26214400.0,26214400.0,100,1,100,100,19.999999962747097,1.0,0.7215780019760132,0.4497232437133789,0.6069344282150269,0.6069344282150269,105771270406144.0,0.6947643160820007,0.6947643160820007
dear_racer_20260803_010251,Transolver,42,False,False,26214400.0,26210489.0,100,113,115,96,16.850864328444004,0.9773912431547896,0.5514549016952515,0.24587169289588928,0.45849528908729553,0.45849528908729553,57645180387328.0,0.5265461802482605,0.5265461802482605
decent_mule_20260803_031531,Transolver,42,False,False,26214400.0,26190088.0,100,1038,1033,0,-17.5,0.02294235589574641,0.18894103169441223,0.09222319722175598,0.22693902254104614,0.22693902254104614,16274511888384.0,0.18751904368400574,0.18751904368400574
decent_spider_20260803_173320,Transolver,42,False,False,52428800.0,52426926.0,200,839,842,92,0.2734375,0.545604399268023,0.14556971192359924,0.04015248268842697,0.17468518018722534,0.17468518018722534,8631436705792.0,0.14342471957206726,0.14342471957206726
deep_aphid_20260805_192047,Transolver,42,False,False,838860800.0,838846792.0,3200,23352,23278,507,-2.34375,0.2910770892343535,0.04952126741409302,0.006015692837536335,0.06288284808397293,0.06288284808397293,1119729221632.0,0.04909692332148552,0.04909692704677582
deep_shark_20260805_062118,Transolver,42,False,False,419430400.0,419409792.0,1600,14145,14181,69,-4.21875,0.18093220968655863,0.05647163465619087,0.008265584707260132,0.07179125398397446,0.07179125398397446,1486380335104.0,0.05600453540682793,0.05600453540682793
divine_deer_20260804_190413,ABUPT,43,False,False,104857600.0,104834056.0,400,3536,3542,16,-4.0625,0.1859684553416386,0.05437975004315376,0.00576041592285037,0.05907922983169556,0.05907922983169556,1057696907264.0,0.052761778235435486,0.052761778235435486
driven_shrew_20260823_104042,Transolver,44,True,False,52428800.0,52428800.0,200,1,200,200,19.999999962747097,1.0,0.31422480940818787,0.1404200941324234,0.34552761912345886,0.34552761912345886,35387279933440.0,0.3113463222980499,0.3113463222980499
eager_gannet_20260805_171702,ABUPT,42,False,False,419430400.0,419427009.0,1600,9203,9248,465,-1.015625,0.40455177342359466,0.03848275542259216,0.0030570351518690586,0.044892631471157074,0.044892631471157074,596331986944.0,0.03792264685034752,0.03792264685034752
easy_bedbug_20260805_071614,Transolver,44,False,False,209715200.0,209704166.0,800,8309,8279,0,-17.5,0.02133059996692287,0.12251569330692291,0.035725634545087814,0.1485908031463623,0.1485908031463623,6034877317120.0,0.12174341827630997,0.12174341827630997
easy_osprey_20260803_011137,ABUPT,42,False,False,26214400.0,26210764.0,100,267,266,67,2.40234375,0.7406009235854293,0.5552002191543579,0.18699471652507782,0.4316598176956177,0.43165987730026245,41604316397568.0,0.5421041250228882,0.5421040654182434
enough_lark_20260806_214639,Transolver,43,False,False,419430400.0,419406486.0,1600,1791,1798,1546,18.75,0.983147943476678,0.07558346539735794,0.009461723268032074,0.08949439972639084,0.08949439972639084,2291743850496.0,0.07482963800430298,0.07482963800430298
enough_mole_20260803_202422,ABUPT,42,False,False,52428800.0,52409792.0,200,2077,2068,0,-17.5,0.02229154182171743,0.11773787438869476,0.0407697819173336,0.13790933787822723,0.13790933787822723,6965190721536.0,0.11653313785791397,0.11653313785791397
epic_crow_20260823_072232,ABUPT,44,False,False,1677721600.0,1677720160.0,6400,17037,16953,4302,2.65625,0.7370188731964236,0.03281570225954056,0.002259771339595318,0.04066472128033638,0.04066472128033638,497802477568.0,0.03268890827894211,0.03268890827894211
epic_hound_20260806_062225,ABUPT,44,False,False,419430400.0,419427813.0,1600,11674,11663,252,-2.34375,0.29047377489098414,0.03565056622028351,0.003128072014078498,0.04463101923465729,0.04463101923465729,588007866368.0,0.035313934087753296,0.035313934087753296
epic_jaguar_20260806_171046,Transolver,44,False,False,1677721600.0,1677720507.0,6400,56582,56715,281,-4.21875,0.18004757401285912,0.04830008000135422,0.006016097031533718,0.06162426620721817,0.06162426620721817,1077968568320.0,0.047897033393383026,0.047897033393383026
equal_lark_20260805_041151,Transolver,42,False,False,419430400.0,419427813.0,1600,11674,11663,252,-2.34375,0.29047377489098414,0.051268067210912704,0.006405089981853962,0.06490688025951385,0.06490688025951385,1204014284800.0,0.05083934962749481,0.05083934962749481
exact_robin_20260823_053132,Transolver,43,True,False,419430400.0,419430400.0,1600,1,1600,1600,19.999999962747097,1.0,0.07444917410612106,0.009383597411215305,0.08975016325712204,0.08975016325712204,2298823573504.0,0.07395894825458527,0.07395894825458527
exotic_gecko_20260804_172012,Transolver,44,False,False,104857600.0,104849593.0,400,4154,4140,0,-17.5,0.02111064507883991,0.16298052668571472,0.06536292284727097,0.20404796302318573,0.20404796302318573,11254834921472.0,0.16169473528862,0.16169473528862
expert_bream_20260805_004330,Transolver,43,False,False,209715200.0,209715085.0,800,3367,3372,370,0.390625,0.5414578950547944,0.06583121418952942,0.008796186186373234,0.08098838478326797,0.08098838478326797,1835655495680.0,0.06509973853826523,0.06509974598884583
expert_macaw_20260805_043903,ABUPT,43,False,False,209715200.0,209715085.0,800,3367,3372,370,0.390625,0.5414578950547944,0.040790438652038574,0.003517286852002144,0.049689922481775284,0.049689922481775284,734014406656.0,0.04034648463129997,0.04034648463129997
expert_muskox_20260803_064223,ABUPT,43,False,False,26214400.0,26199511.0,100,421,421,45,0.4296875,0.5562936389629269,0.3194621801376343,0.06894230097532272,0.2548016905784607,0.2548016905784607,14880001228800.0,0.3056565225124359,0.3056565225124359
expert_worm_20260805_192343,Transolver,42,False,False,838860800.0,838854003.0,3200,28292,28390,134,-4.21875,0.18073262259916695,0.04987874999642372,0.006357524078339338,0.06352148205041885,0.06352148205041885,1134410203136.0,0.049480319023132324,0.049480319023132324
fair_deer_20260804_013624,Transolver,44,False,False,52428800.0,52426926.0,200,839,842,92,0.2734375,0.545604399268023,0.1454482227563858,0.04022765904664993,0.17429764568805695,0.17429764568805695,8647596834816.0,0.14362500607967377,0.14362500607967377
fair_tapir_20260804_104530,ABUPT,42,False,False,104857600.0,104840659.0,400,2918,2914,59,-2.2265625,0.29948476220729314,0.0491642951965332,0.0057032289914786816,0.05981840938329697,0.05981840565800667,1084803317760.0,0.04861757159233093,0.04861757531762123
famous_quail_20260804_131644,Transolver,44,False,False,104857600.0,104841295.0,400,1065,1060,270,2.3828125,0.7293383639866282,0.11283774673938751,0.023030895739793777,0.1350586861371994,0.1350586861371994,5177740886016.0,0.1115359216928482,0.1115359216928482
fancy_dane_20260806_015811,Transolver,44,False,False,838860800.0,838860016.0,3200,13471,13464,1484,0.390625,0.542995126229224,0.051144227385520935,0.005710238590836525,0.06427137553691864,0.06427138298749924,1180378988544.0,0.05074466019868851,0.050744663923978806
fancy_maggot_20260805_024937,Transolver,43,False,False,209715200.0,209701241.0,800,7073,7051,39,-4.21875,0.18238546256253954,0.06644183397293091,0.011522270739078522,0.08394873887300491,0.08394873887300491,2075654750208.0,0.06576359272003174,0.06576359272003174
fast_ray_20260806_202110,ABUPT,43,False,False,838860800.0,838854003.0,3200,28292,28390,134,-4.21875,0.18073262259916695,0.03627141937613487,0.003470120718702674,0.0457979217171669,0.0457979179918766,619193958400.0,0.0360337533056736,0.0360337533056736
fine_akita_20260823_022516,Transolver,43,True,False,26214400.0,26214400.0,100,1,100,100,19.999999962747097,1.0,0.41855669021606445,0.2033368945121765,0.41687077283859253,0.41687077283859253,47823198355456.0,0.40750324726104736,0.407503217458725
fine_panda_20260806_101309,Transolver,42,False,False,1677721600.0,1677720507.0,6400,56582,56715,281,-4.21875,0.18004757401285912,0.04955858364701271,0.006322925910353661,0.06331277638673782,0.06331277638673782,1132946391040.0,0.049206506460905075,0.049206506460905075
fine_racer_20260807_015558,ABUPT,44,False,False,838860800.0,838860016.0,3200,13471,13464,1484,0.390625,0.542995126229224,0.03436878323554993,0.0026133388746529818,0.042299769818782806,0.042299769818782806,540210462720.0,0.03413613140583038,0.03413613140583038
finer_ray_20260805_130729,ABUPT,44,False,False,209715200.0,209696360.0,800,4602,4598,235,-0.9765625,0.40676329861853777,0.037963636219501495,0.0032992763444781303,0.047130703926086426,0.047130703926086426,654514847744.0,0.037719015032052994,0.037719015032052994
finer_toucan_20260824_090250,ABUPT,43,True,False,419430400.0,419430400.0,1600,1,1600,1600,19.999999962747097,1.0,0.055292267352342606,0.005572317633777857,0.06536007672548294,0.06536007672548294,1365124186112.0,0.05471504107117653,0.05471504107117653
firm_pika_20260804_110438,Transolver,43,False,False,104857600.0,104837992.0,400,1683,1679,188,0.1953125,0.535317719518597,0.08671015501022339,0.014380610547959805,0.10355216264724731,0.10355216264724731,2985382641664.0,0.0852486863732338,0.0852486863732338
fleet_kid_20260804_085244,Transolver,42,False,False,104857600.0,104840659.0,400,2918,2914,59,-2.2265625,0.29948476220729314,0.0739012286067009,0.01207331195473671,0.09111364930868149,0.09111364930868149,2296448024576.0,0.07286959141492844,0.07286959141492844
fleet_pony_20260824_061508,ABUPT,43,True,False,104857600.0,104857600.0,400,1,400,400,19.999999962747097,1.0,0.24422895908355713,0.04186485335230827,0.20620550215244293,0.20620550215244293,10763003494400.0,0.23514553904533386,0.23514555394649506
fleet_ram_20260806_201805,ABUPT,43,False,False,838860800.0,838846792.0,3200,23352,23278,507,-2.34375,0.2910770892343535,0.03544136509299278,0.0031815445981919765,0.044622693210840225,0.044622693210840225,592195813376.0,0.03528350964188576,0.03528350964188576
fluent_egret_20260806_170741,Transolver,44,False,False,1677721600.0,1677706566.0,6400,46696,46866,981,-2.34375,0.2887996611799048,0.051760926842689514,0.006595732178539038,0.06582491844892502,0.06582491844892502,1227107467264.0,0.051351115107536316,0.051351115107536316
fluent_perch_20260803_031836,Transolver,43,False,False,26214400.0,26210489.0,100,113,115,96,16.850864328444004,0.9773912431547896,0.47928518056869507,0.24012987315654755,0.45045986771583557,0.45045986771583557,56298997547008.0,0.46998172998428345,0.46998172998428345
fluent_skunk_20260823_100421,ABUPT,44,False,False,1677721600.0,1677701510.0,6400,36810,36747,1913,-1.015625,0.40245940839773153,0.03289881348609924,0.0026621806900948286,0.04160609841346741,0.04160609841346741,515299442688.0,0.03276853635907173,0.03276853635907173
fond_kiwi_20260806_004611,ABUPT,43,False,False,419430400.0,419427009.0,1600,9203,9248,465,-1.015625,0.40455177342359466,0.037245623767375946,0.0032948737498372793,0.046399153769016266,0.046399153769016266,642726821888.0,0.03713449090719223,0.03713449090719223
fond_stork_20260806_165547,Transolver,44,False,False,1677721600.0,1677709670.0,6400,26923,26921,2977,0.390625,0.5411453045086606,0.052277155220508575,0.006130114663392305,0.0659242793917656,0.0659242793917656,1252656152576.0,0.05183172598481178,0.051831722259521484
free_chow_20260824_201900,ABUPT,44,True,False,419430400.0,419430400.0,1600,1,1600,1600,19.999999962747097,1.0,0.06407780945301056,0.006703540217131376,0.07180903106927872,0.07180903106927872,1642254696448.0,0.06275701522827148,0.06275701522827148
free_gecko_20260806_123013,Transolver,43,False,False,1677721600.0,1677720160.0,6400,17037,16953,4302,2.65625,0.7370188731964236,0.05115198343992233,0.005386631470173597,0.06398507207632065,0.06398507207632065,1186615132160.0,0.050757087767124176,0.050757087767124176
free_quail_20260806_040547,Transolver,44,False,False,838860800.0,838843228.0,3200,33233,33123,0,-17.5,0.0210876126732601,0.1027863621711731,0.029899263754487038,0.12667489051818848,0.12667489051818848,5031419969536.0,0.10200607776641846,0.10200607776641846
full_mammal_20260804_034035,Transolver,44,False,False,52428800.0,52409792.0,200,2077,2068,0,-17.5,0.02229154182171743,0.16902627050876617,0.09256664663553238,0.2110922783613205,0.2110922783613205,15814271959040.0,0.16772937774658203,0.16772937774658203
full_orca_20260823_023507,Transolver,43,True,False,52428800.0,52428800.0,200,1,200,200,19.999999962747097,1.0,0.34209683537483215,0.12972407042980194,0.3341732621192932,0.3341732621192932,32691772719104.0,0.3330630362033844,0.3330630362033844
fun_deer_20260803_051337,Transolver,43,False,False,26214400.0,26199511.0,100,421,421,45,0.4296875,0.5562936389629269,0.21112045645713806,0.08554954081773758,0.2468782365322113,0.2468782365322113,18464387366912.0,0.2081289142370224,0.2081288993358612
fun_serval_20260803_142731,ABUPT,44,False,False,26214400.0,26190088.0,100,1038,1033,0,-17.5,0.02294235589574641,0.14551317691802979,0.0716916173696518,0.17800197005271912,0.1780019998550415,12651329486848.0,0.14357608556747437,0.14357608556747437
funky_beagle_20260804_152344,Transolver,44,False,False,104857600.0,104834056.0,400,3536,3542,16,-4.0625,0.1859684553416386,0.07165198028087616,0.012361040338873863,0.08910515159368515,0.08910515159368515,2269668442112.0,0.07065710425376892,0.07065710425376892
funky_foal_20260805_071059,Transolver,44,False,False,209715200.0,209701241.0,800,7073,7051,39,-4.21875,0.18238546256253954,0.060922347009181976,0.009490265510976315,0.07678698003292084,0.07678698003292084,1709603291136.0,0.06035061553120613,0.06035061553120613
funny_drake_20260804_190711,ABUPT,43,False,False,104857600.0,104849593.0,400,4154,4140,0,-17.5,0.02111064507883991,0.11764693260192871,0.054842300713062286,0.15209440886974335,0.15209440886974335,9443290906624.0,0.11780935525894165,0.11780935525894165
game_wren_20260803_093144,ABUPT,44,False,False,26214400.0,26210489.0,100,113,115,96,16.850864328444004,0.9773912431547896,0.951193630695343,1.4838391542434692,1.0238556861877441,1.0238558053970337,347889498849280.0,0.930180013179779,0.930180013179779
game_wren_20260806_231415,ABUPT,44,False,False,838860800.0,838840826.0,3200,3590,3605,3089,19.375,0.9832177765639523,0.04420415312051773,0.0026507386937737465,0.0462600477039814,0.0462600477039814,647230259200.0,0.04226057976484299,0.042260583490133286
gentle_alien_20260804_080233,ABUPT,42,False,False,104857600.0,104837992.0,400,1683,1679,188,0.1953125,0.535317719518597,0.06046970188617706,0.008043316192924976,0.07242278009653091,0.07242277264595032,1669774442496.0,0.059534624218940735,0.059534624218940735
gentle_joey_20260805_213446,Transolver,43,False,False,838860800.0,838857982.0,3200,8530,8508,2146,2.6171875,0.735976776748806,0.04979953542351723,0.0050579640083014965,0.062052227556705475,0.06205223128199577,1108393066496.0,0.049439214169979095,0.049439214169979095
gentle_pup_20260805_195928,ABUPT,42,False,False,419430400.0,419427813.0,1600,11674,11663,252,-2.34375,0.29047377489098414,0.03611943498253822,0.003244122490286827,0.04540114849805832,0.04540114849805832,609822834688.0,0.03593296930193901,0.03593296930193901
giving_fawn_20260804_130637,Transolver,43,False,False,104857600.0,104834056.0,400,3536,3542,16,-4.0625,0.1859684553416386,0.07358454912900925,0.012874559499323368,0.09153342247009277,0.09153342247009277,2363958231040.0,0.07285808771848679,0.07285808771848679
golden_chimp_20260804_075933,ABUPT,42,False,False,104857600.0,104841295.0,400,1065,1060,270,2.3828125,0.7293383639866282,0.08838527649641037,0.014916462823748589,0.10226230323314667,0.10226229578256607,3353476595712.0,0.08699412643909454,0.08699412643909454
golden_crab_20260806_104949,ABUPT,42,False,False,838860800.0,838857982.0,3200,8530,8508,2146,2.6171875,0.735976776748806,0.036576047539711,0.0025156817864626646,0.04300287738442421,0.04300287738442421,551282016256.0,0.03626236692070961,0.03626236692070961
golden_tuna_20260807_044805,ABUPT,44,False,False,838860800.0,838854003.0,3200,28292,28390,134,-4.21875,0.18073262259916695,0.034395672380924225,0.003173615550622344,0.04364753141999245,0.04364753141999245,566286745600.0,0.03413843363523483,0.03413843363523483
good_oyster_20260803_214430,Transolver,43,False,False,52428800.0,52410112.0,200,1458,1455,30,-2.34375,0.3000680123242526,0.09018170088529587,0.017858734354376793,0.11085546016693115,0.11085546016693115,3433423175680.0,0.08929680287837982,0.08929680287837982
great_sponge_20260803_231443,ABUPT,43,False,False,52428800.0,52417047.0,200,1149,1147,57,-1.09375,0.4165646680822171,0.09800992161035538,0.017429625615477562,0.10671893507242203,0.10671893507242203,3507086163968.0,0.09505917131900787,0.09505917131900787
grown_baboon_20260805_102320,ABUPT,44,False,False,209715200.0,209707300.0,800,2131,2134,538,2.421875,0.7274590302740472,0.05926336720585823,0.00648536765947938,0.06893834471702576,0.06893834471702576,1435367899136.0,0.0585557222366333,0.0585557222366333
grown_burro_20260806_102801,Transolver,43,False,False,1677721600.0,1677714708.0,6400,7151,7164,6190,19.6875,0.9843523485607059,0.04917684569954872,0.004460555035620928,0.06049129739403725,0.06049129739403725,1076981792768.0,0.04878269135951996,0.04878269135951996
guided_tuna_20260805_225838,ABUPT,43,False,False,419430400.0,419408881.0,1600,6732,6717,747,0.3515625,0.5410440948711861,0.03606050834059715,0.002877691527828574,0.044381652027368546,0.044381652027368546,592508289024.0,0.035815395414829254,0.035815395414829254
handy_hog_20260822_204827,ABUPT,42,False,False,1677721600.0,1677720160.0,6400,17037,16953,4302,2.65625,0.7370188731964236,0.03272882476449013,0.002266454044729471,0.040507711470127106,0.040507711470127106,499274612736.0,0.03254013881087303,0.03254013881087303
happy_moray_20260803_040243,ABUPT,42,False,False,26214400.0,26190088.0,100,1038,1033,0,-17.5,0.02294235589574641,0.1416008323431015,0.06569088250398636,0.17347170412540436,0.17347170412540436,11592387264512.0,0.13980898261070251,0.13980898261070251
hardy_yeti_20260824_173445,ABUPT,44,True,False,209715200.0,209715200.0,800,1,800,800,19.999999962747097,1.0,0.141702800989151,0.015950556844472885,0.11797604709863663,0.11797604709863663,4037879005184.0,0.13695213198661804,0.13695213198661804
helped_boar_20260822_235858,ABUPT,42,False,False,1677721600.0,1677720507.0,6400,56582,56715,281,-4.21875,0.18004757401285912,0.03437798097729683,0.0031808135099709034,0.043741099536418915,0.043741099536418915,569940377600.0,0.03420764580368996,0.03420764207839966
helped_dove_20260804_085845,Transolver,42,False,False,104857600.0,104849593.0,400,4154,4140,0,-17.5,0.02111064507883991,0.1560804694890976,0.06150828301906586,0.19545288383960724,0.19545288383960724,10591104139264.0,0.15457852184772491,0.15457852184772491
helped_shiner_20260803_231138,ABUPT,43,False,False,52428800.0,52426926.0,200,839,842,92,0.2734375,0.545604399268023,0.11291445791721344,0.02225428819656372,0.1205298975110054,0.1205298975110054,4783925100544.0,0.10949184000492096,0.10949184000492096
helped_shrew_20260824_003618,ABUPT,42,True,False,838860800.0,838860800.0,3200,1,3200,3200,19.999999962747097,1.0,0.03962543234229088,0.002788504818454385,0.04733922705054283,0.04733923077583313,681850109952.0,0.039030104875564575,0.03903010115027428
helped_sole_20260805_083134,Transolver,42,False,False,419430400.0,419426921.0,1600,16616,16558,0,-17.5,0.02142725451478946,0.0897580236196518,0.02205844782292843,0.11330573260784149,0.11330573260784149,3724847874048.0,0.08905993402004242,0.08905993402004242
heroic_earwig_20260806_080453,Transolver,42,False,False,1677721600.0,1677709670.0,6400,26923,26921,2977,0.390625,0.5411453045086606,0.05287537723779678,0.006206547375768423,0.06669358164072037,0.06669358164072037,1268274823168.0,0.052525632083415985,0.052525632083415985
heroic_fish_20260803_040548,ABUPT,43,False,False,26214400.0,26210489.0,100,113,115,96,16.850864328444004,0.9773912431547896,0.6886407136917114,0.427516907453537,0.6490285992622375,0.6490285992622375,100232314486784.0,0.6682297587394714,0.6682298183441162
hip_possum_20260824_002923,ABUPT,42,True,False,419430400.0,419430400.0,1600,1,1600,1600,19.999999962747097,1.0,0.053180571645498276,0.005059688817709684,0.06212642788887024,0.06212642788887024,1239538860032.0,0.05283093824982643,0.05283093824982643
holy_parrot_20260803_092837,ABUPT,43,False,False,26214400.0,26190088.0,100,1038,1033,0,-17.5,0.02294235589574641,0.17678597569465637,0.07004287093877792,0.19049769639968872,0.19049769639968872,12360377958400.0,0.17461028695106506,0.17461028695106506
honest_civet_20260823_102310,ABUPT,44,False,False,1677721600.0,1677706566.0,6400,46696,46866,981,-2.34375,0.2887996611799048,0.03205046057701111,0.0026115362998098135,0.04054659605026245,0.04054659605026245,485865095168.0,0.03186437487602234,0.03186437860131264
huge_gar_20260805_101709,ABUPT,44,False,False,209715200.0,209713170.0,800,896,896,774,18.75,0.9830357019778184,0.1396300345659256,0.014549653977155685,0.10887449234724045,0.10887449234724045,3624521433088.0,0.13030748069286346,0.13030748069286346
huge_liger_20260803_091808,Transolver,44,False,False,26214400.0,26193356.0,100,575,577,29,-1.02783203125,0.4076257685657341,0.18573766946792603,0.0663306936621666,0.2228313833475113,0.2228313833475113,13223042482176.0,0.1833595633506775,0.1833595633506775
huge_shad_20260804_203140,Transolver,42,False,False,209715200.0,209713569.0,800,5838,5812,122,-2.265625,0.29784875478324774,0.06083741784095764,0.008759446442127228,0.07623042911291122,0.07623042911291122,1658019643392.0,0.06034645438194275,0.06034645810723305
humane_mule_20260804_020728,ABUPT,44,False,False,52428800.0,52423197.0,200,530,530,135,2.421875,0.7305649158057379,0.3123379349708557,0.07364468276500702,0.2829936146736145,0.2829936146736145,16686490058752.0,0.30420735478401184,0.30420735478401184
humane_tapir_20260823_102721,ABUPT,44,False,False,1677721600.0,1677720507.0,6400,56582,56715,281,-4.21875,0.18004757401285912,0.0332694835960865,0.002920545171946287,0.04223809391260147,0.04223809763789177,523305287680.0,0.033130284398794174,0.033130284398794174
humble_crow_20260806_101013,Transolver,42,False,False,1677721600.0,1677706566.0,6400,46696,46866,981,-2.34375,0.2887996611799048,0.05202564597129822,0.006642704829573631,0.06623825430870056,0.06623825430870056,1235846561792.0,0.05163078010082245,0.05163078010082245
ideal_glider_20260805_171401,ABUPT,42,False,False,419430400.0,419408881.0,1600,6732,6717,747,0.3515625,0.5410440948711861,0.0361526720225811,0.002912126248702407,0.04460304230451584,0.04460304230451584,599598366720.0,0.03587877005338669,0.03587877005338669
ideal_possum_20260824_115354,ABUPT,43,True,False,1677721600.0,1677721600.0,6400,1,6400,6400,19.999999962747097,1.0,0.038794517517089844,0.002344742650166154,0.043374352157115936,0.04337434843182564,572307603456.0,0.03791903704404831,0.03791903704404831
immune_osprey_20260803_064713,ABUPT,43,False,False,26214400.0,26193356.0,100,575,577,29,-1.02783203125,0.4076257685657341,0.14034873247146606,0.032778702676296234,0.14806367456912994,0.14806365966796875,6534443565056.0,0.13673081994056702,0.13673081994056702
in_macaw_20260806_144730,Transolver,43,False,False,1677721600.0,1677715874.0,6400,66469,66252,0,-17.5,0.020946841248176647,0.12793448567390442,0.03261161595582962,0.14354585111141205,0.14354585111141205,5500466364416.0,0.12421894818544388,0.12421895563602448
intent_rat_20260823_035448,ABUPT,43,False,False,1677721600.0,1677706566.0,6400,46696,46866,981,-2.34375,0.2887996611799048,0.03533906117081642,0.0031272140331566334,0.044569652527570724,0.044569648802280426,581804621824.0,0.035168908536434174,0.035168908536434174
joint_gibbon_20260823_095923,ABUPT,44,False,False,1677721600.0,1677709670.0,6400,26923,26921,2977,0.390625,0.5411453045086606,0.03142150864005089,0.002275753766298294,0.03937121108174324,0.03937121108174324,465038114816.0,0.031285177916288376,0.031285177916288376
just_gecko_20260803_201902,ABUPT,42,False,False,52428800.0,52404446.0,200,1767,1767,8,-4.21875,0.18907746929246777,0.07933863252401352,0.016067402437329292,0.09605775028467178,0.09605775028467178,2928437362688.0,0.07865364849567413,0.07865364849567413
keen_dog_20260803_051741,Transolver,43,False,False,26214400.0,26193356.0,100,575,577,29,-1.02783203125,0.4076257685657341,0.1855514496564865,0.07596158981323242,0.22291740775108337,0.22291739284992218,15142963118080.0,0.18399155139923096,0.18399155139923096
keen_drake_20260822_205127,ABUPT,42,False,False,1677721600.0,1677709670.0,6400,26923,26921,2977,0.390625,0.5411453045086606,0.0330193005502224,0.0025043722707778215,0.041370075196027756,0.041370075196027756,511755059200.0,0.03281932696700096,0.03281933069229126
keen_gecko_20260822_204942,Transolver,42,True,False,104857600.0,104857600.0,400,1,400,400,19.999999962747097,1.0,0.20297470688819885,0.058642737567424774,0.22863589227199554,0.22863589227199554,15076416290816.0,0.2012026160955429,0.2012026160955429
keen_rat_20260806_191158,Transolver,44,False,False,1677721600.0,1677715874.0,6400,66469,66252,0,-17.5,0.020946841248176647,0.1327081173658371,0.03769880160689354,0.15449604392051697,0.15449604392051697,6358499852288.0,0.13159237802028656,0.13159237802028656
key_gar_20260804_202800,Transolver,42,False,False,209715200.0,209696360.0,800,4602,4598,235,-0.9765625,0.40676329861853777,0.06330017745494843,0.008408119902014732,0.07745335251092911,0.07745335251092911,1668014014464.0,0.06269096583127975,0.06269096583127975
key_tomcat_20260806_215232,Transolver,43,False,False,419430400.0,419408881.0,1600,6732,6717,747,0.3515625,0.5410440948711861,0.05701075494289398,0.007062348071485758,0.07123991847038269,0.07123991847038269,1454116962304.0,0.056542690843343735,0.056542690843343735
known_man_20260803_092113,Transolver,44,False,False,26214400.0,26197134.0,100,729,728,15,-2.34375,0.2987627574072062,0.17389655113220215,0.060189131647348404,0.20846085250377655,0.20846085250377655,11664800874496.0,0.1716964840888977,0.1716964840888977
known_spider_20260823_142109,Transolver,44,True,False,1677721600.0,1677721600.0,6400,1,6400,6400,19.999999962747097,1.0,0.05214777588844299,0.004983581602573395,0.06413552910089493,0.06413552910089493,1216398622720.0,0.05170338600873947,0.05170338600873947
liked_ocelot_20260804_235331,Transolver,42,False,False,419430400.0,419408881.0,1600,6732,6717,747,0.3515625,0.5410440948711861,0.05195915326476097,0.005882054567337036,0.06477278470993042,0.06477278470993042,1211098071040.0,0.051451001316308975,0.051451005041599274
live_jennet_20260804_165416,ABUPT,42,False,False,209715200.0,209713170.0,800,896,896,774,18.75,0.9830357019778184,0.10193722695112228,0.013797655701637268,0.10563578456640244,0.10563578456640244,3437188087808.0,0.09848492592573166,0.09848492592573166
live_skink_20260804_131319,Transolver,44,False,False,104857600.0,104852475.0,400,448,448,387,18.75,0.983258913615706,0.20543557405471802,0.06770727038383484,0.2400340586900711,0.2400340735912323,16714158833664.0,0.20367367565631866,0.20367367565631866
living_mammal_20260804_182635,Transolver,42,False,False,209715200.0,209715085.0,800,3367,3372,370,0.390625,0.5414578950547944,0.06628570705652237,0.009140468202531338,0.08119777590036392,0.08119777590036392,1907502743552.0,0.06514061987400055,0.06514061987400055
loved_bunny_20260803_114333,ABUPT,44,False,False,26214400.0,26193356.0,100,575,577,29,-1.02783203125,0.4076257685657341,0.2636173665523529,0.061161987483501434,0.22265730798244476,0.22265730798244476,12192659275776.0,0.2520829141139984,0.2520829141139984
loving_wolf_20260806_020109,Transolver,44,False,False,838860800.0,838854692.0,3200,18411,18433,948,-1.03515625,0.4019849236052932,0.05129567161202431,0.006091242656111717,0.06438698619604111,0.06438698619604111,1188218404864.0,0.05072089657187462,0.05072089657187462
loyal_ant_20260823_065004,ABUPT,43,False,False,1677721600.0,1677715874.0,6400,66469,66252,0,-17.5,0.020946841248176647,0.08735974133014679,0.035085830837488174,0.11570928990840912,0.11570928990840912,5917780213760.0,0.08784590661525726,0.08784590661525726
loyal_beagle_20260805_040644,ABUPT,42,False,False,209715200.0,209713569.0,800,5838,5812,122,-2.265625,0.29784875478324774,0.03895704820752144,0.0036136892158538103,0.04787749424576759,0.04787749424576759,684012273664.0,0.0385618731379509,0.038561876863241196
loyal_camel_20260824_144152,ABUPT,44,True,False,26214400.0,26214400.0,100,1,100,100,19.999999962747097,1.0,0.7785736918449402,0.42230579257011414,0.6168842911720276,0.6168842911720276,99322913882112.0,0.7291262149810791,0.7291262149810791
loyal_emu_20260804_105406,ABUPT,42,False,False,104857600.0,104834056.0,400,3536,3542,16,-4.0625,0.1859684553416386,0.051098357886075974,0.005726684350520372,0.05872456729412079,0.05872455984354019,1051503296512.0,0.04970667138695717,0.04970667138695717
lucky_boa_20260806_235727,Transolver,43,False,False,419430400.0,419409792.0,1600,14145,14181,69,-4.21875,0.18093220968655863,0.05155590549111366,0.006635579280555248,0.0654846653342247,0.0654846653342247,1193260482560.0,0.05107572302222252,0.05107572302222252
main_fowl_20260803_092727,Transolver,44,False,False,26214400.0,26211485.0,100,883,879,4,-4.0625,0.1949942009102404,0.13880598545074463,0.0442248210310936,0.16883228719234467,0.16883228719234467,8343595778048.0,0.13690492510795593,0.13690492510795593
main_toad_20260822_205428,ABUPT,42,False,False,1677721600.0,1677701510.0,6400,36810,36747,1913,-1.015625,0.40245940839773153,0.03163786977529526,0.0024227018002420664,0.039873041212558746,0.039873041212558746,468945272832.0,0.03149845823645592,0.03149845823645592
major_fowl_20260804_090151,Transolver,43,False,False,104857600.0,104852475.0,400,448,448,387,18.75,0.983258913615706,0.18814337253570557,0.05050951614975929,0.2132500559091568,0.2132500559091568,12468736753664.0,0.1855880320072174,0.1855880320072174
major_lemur_20260806_172236,ABUPT,43,False,False,838860800.0,838840826.0,3200,3590,3605,3089,19.375,0.9832177765639523,0.038254085928201675,0.0025806883350014687,0.04530297592282295,0.04530297592282295,630126149632.0,0.03766492009162903,0.03766492009162903
many_tomcat_20260803_122227,ABUPT,44,False,False,26214400.0,26211485.0,100,883,879,4,-4.0625,0.1949942009102404,0.12922677397727966,0.031747493892908096,0.1422456055879593,0.1422456055879593,5989584076800.0,0.12537820637226105,0.12537820637226105
master_joey_20260806_033502,ABUPT,44,False,False,419430400.0,419406486.0,1600,1791,1798,1546,18.75,0.983147943476678,0.0504857674241066,0.004648098722100258,0.06014024838805199,0.06014024838805199,1125825773568.0,0.05008823797106743,0.05008823797106743
meet_bunny_20260803_072432,Transolver,44,False,False,26214400.0,26210489.0,100,113,115,96,16.850864328444004,0.9773912431547896,0.44317615032196045,0.20941156148910522,0.4198485314846039,0.4198485314846039,49097016868864.0,0.42882174253463745,0.42882174253463745
meet_puma_20260806_163203,ABUPT,42,False,False,838860800.0,838854692.0,3200,18411,18433,948,-1.03515625,0.4019849236052932,0.03510282561182976,0.0027976809069514275,0.04300207272171974,0.04300206899642944,545743405056.0,0.034586384892463684,0.034586381167173386
merry_python_20260804_045304,ABUPT,44,False,False,52428800.0,52410112.0,200,1458,1455,30,-2.34375,0.3000680123242526,0.07698026299476624,0.01357959397137165,0.09056652337312698,0.09056652337312698,2610739019776.0,0.07584629952907562,0.07584629952907562
mighty_viper_20260805_004635,Transolver,43,False,False,209715200.0,209696360.0,800,4602,4598,235,-0.9765625,0.40676329861853777,0.058492403477430344,0.0077955168671905994,0.07291927188634872,0.07291927188634872,1546484973568.0,0.057747162878513336,0.057747162878513336
mint_locust_20260824_202304,ABUPT,44,True,False,838860800.0,838860800.0,3200,1,3200,3200,19.999999962747097,1.0,0.042798686772584915,0.0033146576024591923,0.05166640877723694,0.05166640877723694,810505928704.0,0.04242286831140518,0.04242286831140518
mint_ox_20260804_014522,Transolver,44,False,False,52428800.0,52417047.0,200,1149,1147,57,-1.09375,0.4165646680822171,0.10679543763399124,0.024032361805438995,0.12854668498039246,0.12854668498039246,4835649781760.0,0.1048509031534195,0.1048508957028389
modern_kid_20260803_072737,Transolver,44,False,False,26214400.0,26210764.0,100,267,266,67,2.40234375,0.7406009235854293,0.26595538854599,0.11136575788259506,0.3052087426185608,0.3052087426185608,24777689399296.0,0.2639636695384979,0.2639636695384979
modest_glider_20260805_131313,ABUPT,44,False,False,209715200.0,209713569.0,800,5838,5812,122,-2.265625,0.29784875478324774,0.03979218751192093,0.0038299267180263996,0.04907892644405365,0.04907892271876335,724942389248.0,0.03944661095738411,0.03944660723209381
modest_marmot_20260804_222941,ABUPT,42,False,False,209715200.0,209715085.0,800,3367,3372,370,0.390625,0.5414578950547944,0.043531082570552826,0.004110065288841724,0.05360664054751396,0.05360664054751396,857719898112.0,0.04321303591132164,0.04321303218603134
modest_moray_20260805_235440,Transolver,44,False,False,838860800.0,838857982.0,3200,8530,8508,2146,2.6171875,0.735976776748806,0.05092192813754082,0.005348748527467251,0.06352213025093079,0.06352213770151138,1172115030016.0,0.05057368054986,0.05057368054986
moral_locust_20260806_172536,ABUPT,43,False,False,838860800.0,838857982.0,3200,8530,8508,2146,2.6171875,0.735976776748806,0.033849988132715225,0.0024120023008435965,0.04172719642519951,0.04172718897461891,528561831936.0,0.033715859055519104,0.033715859055519104
more_tapir_20260805_234744,Transolver,43,False,False,838860800.0,838843228.0,3200,33233,33123,0,-17.5,0.0210876126732601,0.10340522229671478,0.028712913393974304,0.12916485965251923,0.12916485965251923,4831783157760.0,0.10256136953830719,0.10256136953830719
more_weasel_20260824_172651,ABUPT,44,True,False,104857600.0,104857600.0,400,1,400,400,19.999999962747097,1.0,0.23168444633483887,0.04150492325425148,0.19429363310337067,0.19429363310337067,10670469808128.0,0.22401545941829681,0.22401545941829681
more_wombat_20260805_025600,Transolver,43,False,False,209715200.0,209704166.0,800,8309,8279,0,-17.5,0.02133059996692287,0.1377570480108261,0.048805590718984604,0.17439530789852142,0.17439530789852142,8244381089792.0,0.13648872077465057,0.13648872077465057
moved_ram_20260807_041106,Transolver,44,False,False,419430400.0,419409792.0,1600,14145,14181,69,-4.21875,0.18093220968655863,0.054632674902677536,0.007544879335910082,0.06948506087064743,0.06948505342006683,1356777521152.0,0.054264288395643234,0.054264288395643234
moved_sloth_20260804_015342,Transolver,44,False,False,52428800.0,52404446.0,200,1767,1767,8,-4.21875,0.18907746929246777,0.09368373453617096,0.020161712542176247,0.11337827891111374,0.11337827146053314,3674664337408.0,0.09203407168388367,0.09203407168388367
moving_bull_20260823_062856,ABUPT,43,False,False,1677721600.0,1677720507.0,6400,56582,56715,281,-4.21875,0.18004757401285912,0.034781236201524734,0.0032383089419454336,0.044123176485300064,0.044123176485300064,580242505728.0,0.034660208970308304,0.034660208970308304
moving_koi_20260806_101915,Transolver,42,False,False,1677721600.0,1677715874.0,6400,66469,66252,0,-17.5,0.020946841248176647,0.10957670956850052,0.029260380193591118,0.13299891352653503,0.13299891352653503,4935227277312.0,0.10725920647382736,0.10725920647382736
moving_lark_20260804_064826,Transolver,42,False,False,104857600.0,104837992.0,400,1683,1679,188,0.1953125,0.535317719518597,0.08626081794500351,0.014921902678906918,0.1053294688463211,0.1053294688463211,3097753550848.0,0.08545713126659393,0.08545713126659393
mutual_sheep_20260805_192649,Transolver,42,False,False,838860800.0,838843228.0,3200,33233,33123,0,-17.5,0.0210876126732601,0.08697603642940521,0.019065307453274727,0.1106691062450409,0.1106691062450409,3208292073472.0,0.08654999732971191,0.08654999732971191
nearby_ape_20260803_060331,ABUPT,43,False,False,26214400.0,26210764.0,100,267,266,67,2.40234375,0.7406009235854293,0.8452705144882202,0.18156075477600098,0.4688093960285187,0.4688093960285187,40395329241088.0,0.8030280470848083,0.8030280470848083
nearby_chimp_20260807_021018,ABUPT,44,False,False,838860800.0,838854692.0,3200,18411,18433,948,-1.03515625,0.4019849236052932,0.03408554568886757,0.0027307660784572363,0.042655445635318756,0.04265544191002846,532690305024.0,0.03388330712914467,0.03388330712914467
neat_camel_20260804_161911,ABUPT,43,False,False,104857600.0,104839170.0,400,2301,2294,118,-1.0546875,0.4069743949473522,0.05951759219169617,0.006876323837786913,0.06742686778306961,0.06742686778306961,1352876425216.0,0.05814256891608238,0.05814256891608238
neat_dodo_20260804_151448,Transolver,44,False,False,104857600.0,104837992.0,400,1683,1679,188,0.1953125,0.535317719518597,0.08916711062192917,0.01589496061205864,0.10793694108724594,0.10793694108724594,3299758047232.0,0.08805812895298004,0.08805812895298004
neat_stag_20260805_070442,Transolver,44,False,False,209715200.0,209713569.0,800,5838,5812,122,-2.265625,0.29784875478324774,0.06062063202261925,0.008935723453760147,0.07591107487678528,0.07591107487678528,1691386118144.0,0.05988893285393715,0.05988893285393715
needed_shrew_20260806_080103,Transolver,42,False,False,1677721600.0,1677714708.0,6400,7151,7164,6190,19.6875,0.9843523485607059,0.04912614822387695,0.004453822039067745,0.060465868562459946,0.060465868562459946,1075356106752.0,0.048726316541433334,0.048726316541433334
new_mutt_20260822_234151,ABUPT,42,False,False,1677721600.0,1677706566.0,6400,46696,46866,981,-2.34375,0.2887996611799048,0.033516768366098404,0.0028483737260103226,0.042398929595947266,0.042398929595947266,529927700480.0,0.03334926813840866,0.03334926813840866
new_pig_20260805_072234,ABUPT,43,False,False,209715200.0,209696360.0,800,4602,4598,235,-0.9765625,0.40676329861853777,0.0398087240755558,0.0035665654577314854,0.048335932195186615,0.048335932195186615,707539959808.0,0.039275072515010834,0.039275072515010834
new_raven_20260805_050441,Transolver,44,False,False,209715200.0,209715085.0,800,3367,3372,370,0.390625,0.5414578950547944,0.062209371477365494,0.007982470095157623,0.07691553235054016,0.07691553235054016,1665843200000.0,0.06153416633605957,0.06153417378664017
nice_kiwi_20260805_004617,ABUPT,44,False,False,104857600.0,104834056.0,400,3536,3542,16,-4.0625,0.1859684553416386,0.04856486991047859,0.006002047099173069,0.05991562455892563,0.05991562828421593,1102063992832.0,0.048104505985975266,0.048104505985975266
nice_wren_20260804_161614,ABUPT,43,False,False,104857600.0,104837992.0,400,1683,1679,188,0.1953125,0.535317719518597,0.0631541833281517,0.008568918332457542,0.07536158710718155,0.07536158710718155,1778888343552.0,0.06226222217082977,0.06226222217082977
noble_colt_20260804_221051,ABUPT,44,False,False,104857600.0,104839170.0,400,2301,2294,118,-1.0546875,0.4069743949473522,0.05466620624065399,0.006685737054795027,0.06640323251485825,0.06640323251485825,1315379478528.0,0.05405665934085846,0.05405665561556816
normal_alpaca_20260806_020414,Transolver,44,False,False,838860800.0,838846792.0,3200,23352,23278,507,-2.34375,0.2910770892343535,0.05167290195822716,0.006617573089897633,0.0656556636095047,0.0656556636095047,1231759998976.0,0.05122767761349678,0.05122767761349678
noted_finch_20260805_101411,ABUPT,43,False,False,209715200.0,209704166.0,800,8309,8279,0,-17.5,0.02133059996692287,0.08905506879091263,0.033665359020233154,0.1138417199254036,0.1138417199254036,5686848651264.0,0.08891648799180984,0.08891648054122925
novel_ape_20260804_134337,ABUPT,43,False,False,104857600.0,104841295.0,400,1065,1060,270,2.3828125,0.7293383639866282,0.09780995547771454,0.016509130597114563,0.10770950466394424,0.10770950466394424,3711535677440.0,0.09601715952157974,0.09601715952157974
novel_grub_20260804_203445,Transolver,42,False,False,209715200.0,209701241.0,800,7073,7051,39,-4.21875,0.18238546256253954,0.06064740568399429,0.009375353343784809,0.07640761137008667,0.07640761137008667,1688902696960.0,0.06011095643043518,0.06011095643043518
novel_robin_20260803_230320,ABUPT,43,False,False,52428800.0,52423197.0,200,530,530,135,2.421875,0.7305649158057379,0.25554606318473816,0.045257601886987686,0.21600233018398285,0.21600233018398285,10254513340416.0,0.25023311376571655,0.25023311376571655
on_civet_20260803_234601,Transolver,44,False,False,52428800.0,52428339.0,200,221,223,194,17.5,0.9793721368940738,0.27411243319511414,0.11412490904331207,0.31892669200897217,0.3189266622066498,28330992599040.0,0.27229076623916626,0.27229073643684387
one_mouse_20260806_215532,Transolver,43,False,False,419430400.0,419427009.0,1600,9203,9248,465,-1.015625,0.40455177342359466,0.055419921875,0.0070939757861196995,0.06976475566625595,0.06976474076509476,1383812956160.0,0.055010296404361725,0.055010296404361725
open_maggot_20260803_010550,Transolver,42,False,False,26214400.0,26210764.0,100,267,266,67,2.40234375,0.7406009235854293,0.28770503401756287,0.15735365450382233,0.34131407737731934,0.34131407737731934,35009503166464.0,0.2874346971511841,0.2874346971511841
pet_drake_20260803_010856,ABUPT,42,False,False,26214400.0,26210489.0,100,113,115,96,16.850864328444004,0.9773912431547896,1.0461307764053345,1.3851639032363892,0.9820786714553833,0.9820786714553833,324754858835968.0,1.0233873128890991,1.0233873128890991
pet_llama_20260824_061051,ABUPT,43,True,False,52428800.0,52428800.0,200,1,200,200,19.999999962747097,1.0,0.5283710360527039,0.16365846991539001,0.44214683771133423,0.4421468675136566,41243581087744.0,0.5220046043395996,0.5220046639442444
picked_moth_20260806_123814,Transolver,43,False,False,1677721600.0,1677701510.0,6400,36810,36747,1913,-1.015625,0.40245940839773153,0.04987778887152672,0.005892915651202202,0.063304103910923,0.063304103910923,1140650016768.0,0.04945555329322815,0.04945555329322815
picked_oyster_20260823_134703,Transolver,44,True,False,838860800.0,838860800.0,3200,1,3200,3200,19.999999962747097,1.0,0.0555146224796772,0.005502079613506794,0.0678669810295105,0.0678669884800911,1345378189312.0,0.05510243400931358,0.05510243400931358
picked_pony_20260806_192414,ABUPT,42,False,False,838860800.0,838846792.0,3200,23352,23278,507,-2.34375,0.2910770892343535,0.034402377903461456,0.0030110229272395372,0.04347211867570877,0.04347211867570877,560455876608.0,0.0341574028134346,0.0341574028134346
poetic_fowl_20260803_234236,Transolver,43,False,False,52428800.0,52409792.0,200,2077,2068,0,-17.5,0.02229154182171743,0.17639479041099548,0.07655027508735657,0.21545195579528809,0.21545195579528809,13078004498432.0,0.1728297472000122,0.1728297472000122
pretty_liger_20260804_085541,Transolver,42,False,False,104857600.0,104834056.0,400,3536,3542,16,-4.0625,0.1859684553416386,0.07299292087554932,0.012713763862848282,0.09074322879314423,0.09074322879314423,2334433738752.0,0.07230673730373383,0.07230672240257263
pretty_owl_20260806_034440,ABUPT,44,False,False,419430400.0,419430133.0,1600,4261,4251,1075,2.6171875,0.7339437813266312,0.037219323217868805,0.00273171067237854,0.044858667999506,0.044858671724796295,612514332672.0,0.0366508923470974,0.036650896072387695
pretty_puma_20260823_213906,ABUPT,42,True,False,104857600.0,104857600.0,400,1,400,400,19.999999962747097,1.0,0.31012699007987976,0.06649663299322128,0.26275908946990967,0.26275908946990967,17095571013632.0,0.30644166469573975,0.30644166469573975
prime_boxer_20260806_080153,Transolver,42,False,False,1677721600.0,1677720160.0,6400,17037,16953,4302,2.65625,0.7370188731964236,0.04699334129691124,0.00455092079937458,0.05894266068935394,0.05894266068935394,1002517168128.0,0.0467400960624218,0.0467400960624218
prime_elf_20260805_025905,Transolver,44,False,False,209715200.0,209713170.0,800,896,896,774,18.75,0.9830357019778184,0.10519316792488098,0.0174630805850029,0.12387482821941376,0.12387482821941376,4350295932928.0,0.10437802225351334,0.10437802225351334
prime_hawk_20260805_171209,Transolver,42,False,False,838860800.0,838840826.0,3200,3590,3605,3089,19.375,0.9832177765639523,0.05624374374747276,0.005623802542686462,0.06869932264089584,0.06869932264089584,1373162700800.0,0.05583029240369797,0.05583029240369797
pro_gator_20260805_094938,ABUPT,42,False,False,209715200.0,209704166.0,800,8309,8279,0,-17.5,0.02133059996692287,0.09264820069074631,0.03498811647295952,0.11793798208236694,0.11793798208236694,5910292856832.0,0.09296014904975891,0.09296014904975891
pro_grub_20260805_170811,ABUPT,42,False,False,419430400.0,419406486.0,1600,1791,1798,1546,18.75,0.983147943476678,0.05109304189682007,0.004589284770190716,0.05950864404439926,0.05950864404439926,1111580344320.0,0.05039757117629051,0.05039757117629051
pro_guppy_20260804_163232,ABUPT,43,False,False,104857600.0,104840659.0,400,2918,2914,59,-2.2265625,0.29948476220729314,0.05949779599905014,0.0066103204153478146,0.06558629870414734,0.06558629870414734,1257340141568.0,0.05788392946124077,0.05788392946124077
pro_lynx_20260803_010850,Transolver,42,False,False,26214400.0,26199511.0,100,421,421,45,0.4296875,0.5562936389629269,0.2091514766216278,0.07857432961463928,0.2450617402791977,0.2450617402791977,16958908006400.0,0.2064422070980072,0.2064422219991684
pro_mullet_20260823_075342,Transolver,43,True,False,838860800.0,838860800.0,3200,1,3200,3200,19.999999962747097,1.0,0.055791500955820084,0.005580267868936062,0.06829585880041122,0.06829585880041122,1364497268736.0,0.05541355162858963,0.05541355162858963
pro_pigeon_20260806_134016,ABUPT,42,False,False,838860800.0,838860016.0,3200,13471,13464,1484,0.390625,0.542995126229224,0.03389042243361473,0.0025871009565889835,0.042159631848335266,0.042159631848335266,534786703360.0,0.03367273882031441,0.03367273882031441
prompt_kid_20260807_050430,ABUPT,44,False,False,838860800.0,838843228.0,3200,33233,33123,0,-17.5,0.0210876126732601,0.08740276843309402,0.033867888152599335,0.11378920823335648,0.11378920823335648,5699256975360.0,0.08785273879766464,0.08785273879766464
proper_bee_20260804_075633,ABUPT,42,False,False,104857600.0,104852475.0,400,448,448,387,18.75,0.983258913615706,0.24674056470394135,0.052060164511203766,0.23717612028121948,0.23717612028121948,12851526762496.0,0.24769145250320435,0.24769145250320435
proper_minnow_20260806_143842,Transolver,43,False,False,1677721600.0,1677720507.0,6400,56582,56715,281,-4.21875,0.18004757401285912,0.05224991962313652,0.0069945636205375195,0.06667859107255936,0.06667859107255936,1253290672128.0,0.05183446779847145,0.05183446779847145
proud_kodiak_20260823_032141,ABUPT,43,False,False,1677721600.0,1677720160.0,6400,17037,16953,4302,2.65625,0.7370188731964236,0.0322309248149395,0.0021345317363739014,0.03941958025097847,0.03941957652568817,470213591040.0,0.03199128806591034,0.03199128806591034
proud_wombat_20260807_041532,Transolver,44,False,False,419430400.0,419426921.0,1600,16616,16558,0,-17.5,0.02142725451478946,0.11105313152074814,0.027576301246881485,0.13336752355098724,0.13336752355098724,4656607002624.0,0.10948237776756287,0.10948237776756287
proven_corgi_20260803_035634,ABUPT,42,False,False,26214400.0,26211485.0,100,883,879,4,-4.0625,0.1949942009102404,0.12455134093761444,0.0328434519469738,0.14270521700382233,0.14270523190498352,6196350681088.0,0.12161807715892792,0.12161807715892792
proven_snake_20260804_193947,Transolver,42,False,False,419430400.0,419406486.0,1600,1791,1798,1546,18.75,0.983147943476678,0.06448208540678024,0.00731657026335597,0.07717815041542053,0.07717815041542053,1772161859584.0,0.06396874785423279,0.06396874785423279
pumped_bass_20260805_200706,ABUPT,42,False,False,419430400.0,419409792.0,1600,14145,14181,69,-4.21875,0.18093220968655863,0.036432672291994095,0.003453037701547146,0.04567830264568329,0.04567830264568329,620951502848.0,0.03617246076464653,0.03617246076464653
pure_louse_20260823_070339,ABUPT,44,False,False,1677721600.0,1677714708.0,6400,7151,7164,6190,19.6875,0.9843523485607059,0.03352497145533562,0.0021026229951530695,0.04069509357213974,0.04069508984684944,507669315584.0,0.033283963799476624,0.03328396752476692
pure_wasp_20260803_194125,Transolver,42,False,False,52428800.0,52409792.0,200,2077,2068,0,-17.5,0.02229154182171743,0.17881697416305542,0.08113058656454086,0.21846997737884521,0.21846997737884521,13860512727040.0,0.17816628515720367,0.17816628515720367
quick_ewe_20260804_014609,ABUPT,43,False,False,52428800.0,52404446.0,200,1767,1767,8,-4.21875,0.18907746929246777,0.08095372468233109,0.014880088157951832,0.09463135898113251,0.09463135898113251,2712038277120.0,0.07900131493806839,0.07900131493806839
quiet_cattle_20260804_152039,Transolver,44,False,False,104857600.0,104840659.0,400,2918,2914,59,-2.2265625,0.29948476220729314,0.0710156038403511,0.011527914553880692,0.08862322568893433,0.08862322568893433,2192708730880.0,0.07030502706766129,0.07030502706766129
quiet_magpie_20260804_044244,ABUPT,44,False,False,52428800.0,52417047.0,200,1149,1147,57,-1.09375,0.4165646680822171,0.08531727641820908,0.01629357971251011,0.10212782025337219,0.10212782025337219,3278497906688.0,0.08403211086988449,0.08403211086988449
quiet_skunk_20260822_204427,Transolver,42,True,False,26214400.0,26214400.0,100,1,100,100,19.999999962747097,1.0,0.40430599451065063,0.17381621897220612,0.3986660838127136,0.3986660838127136,40880169811968.0,0.3936742842197418,0.3936742842197418
rapid_gibbon_20260806_230105,ABUPT,43,False,False,838860800.0,838843228.0,3200,33233,33123,0,-17.5,0.0210876126732601,0.0861358568072319,0.026806388050317764,0.10650645941495895,0.10650645941495895,4510954553344.0,0.08546402305364609,0.08546402305364609
rare_aphid_20260805_155239,ABUPT,44,False,False,209715200.0,209701241.0,800,7073,7051,39,-4.21875,0.18238546256253954,0.040364861488342285,0.004244676791131496,0.0499291755259037,0.0499291755259037,764648226816.0,0.039905983954668045,0.039905983954668045
rare_hornet_20260805_020237,Transolver,42,False,False,419430400.0,419427009.0,1600,9203,9248,465,-1.015625,0.40455177342359466,0.050508271902799606,0.0058626048266887665,0.0635339692234993,0.0635339692234993,1143610933248.0,0.050033725798130035,0.050033725798130035
rare_orca_20260804_111048,Transolver,43,False,False,104857600.0,104840659.0,400,2918,2914,59,-2.2265625,0.29948476220729314,0.07369068264961243,0.0120609225705266,0.09141813218593597,0.09141813218593597,2294091350016.0,0.07283235341310501,0.07283235341310501
ready_seal_20260805_192954,Transolver,43,False,False,838860800.0,838840826.0,3200,3590,3605,3089,19.375,0.9832177765639523,0.05878761410713196,0.006234398577362299,0.07205739617347717,0.07205739617347717,1522251726848.0,0.05828547477722168,0.05828547477722168
rested_shrimp_20260803_233932,Transolver,43,False,False,52428800.0,52404446.0,200,1767,1767,8,-4.21875,0.18907746929246777,0.10700277239084244,0.026073753833770752,0.13078942894935608,0.13078942894935608,4752189947904.0,0.10609665513038635,0.10609665513038635
rich_llama_20260804_132842,ABUPT,42,False,False,104857600.0,104849593.0,400,4154,4140,0,-17.5,0.02111064507883991,0.10605058819055557,0.04742729663848877,0.13673894107341766,0.13673895597457886,8166501253120.0,0.10564805567264557,0.10564804822206497
robust_alien_20260803_173020,Transolver,42,False,False,52428800.0,52423197.0,200,530,530,135,2.421875,0.7305649158057379,0.1797032654285431,0.05331900715827942,0.21084541082382202,0.21084541082382202,12081075060736.0,0.1781596690416336,0.1781596839427948
robust_dory_20260803_025653,Transolver,42,False,False,26214400.0,26197134.0,100,729,728,15,-2.34375,0.2987627574072062,0.1671922504901886,0.059111084789037704,0.2035517543554306,0.2035517543554306,11455874203648.0,0.16599196195602417,0.16599196195602417
robust_louse_20260803_234936,Transolver,44,False,False,52428800.0,52423197.0,200,530,530,135,2.421875,0.7305649158057379,0.20106279850006104,0.06297976523637772,0.23173180222511292,0.23173180222511292,14270021500928.0,0.19807860255241394,0.19807860255241394
robust_marten_20260807_021351,Transolver,44,False,False,419430400.0,419427813.0,1600,11674,11663,252,-2.34375,0.29047377489098414,0.053062889724969864,0.006822279188781977,0.06717894971370697,0.06717894971370697,1282436497408.0,0.05264871567487717,0.05264871567487717
robust_squid_20260806_200944,ABUPT,43,False,False,838860800.0,838854692.0,3200,18411,18433,948,-1.03515625,0.4019849236052932,0.033454395830631256,0.002640064572915435,0.04204618185758591,0.04204618185758591,514997223424.0,0.0333155058324337,0.0333155058324337
robust_urchin_20260805_005721,ABUPT,44,False,False,104857600.0,104849593.0,400,4154,4140,0,-17.5,0.02111064507883991,0.1055777296423912,0.04210536926984787,0.1322638988494873,0.1322639137506485,7250118705152.0,0.10518012195825577,0.10518012195825577
ruling_bedbug_20260805_005150,Transolver,43,False,False,209715200.0,209713569.0,800,5838,5812,122,-2.265625,0.29784875478324774,0.057771217077970505,0.007894341833889484,0.07287709414958954,0.07287709414958954,1494269558784.0,0.05727694183588028,0.05727694183588028
ruling_sawfly_20260806_165851,Transolver,44,False,False,1677721600.0,1677701510.0,6400,36810,36747,1913,-1.015625,0.40245940839773153,0.046324748545885086,0.005058219190686941,0.0587824247777462,0.0587824285030365,979083657216.0,0.046008553355932236,0.046008553355932236
ruling_spider_20260803_231748,ABUPT,43,False,False,52428800.0,52410112.0,200,1458,1455,30,-2.34375,0.3000680123242526,0.07886519283056259,0.014074346981942654,0.09363500028848648,0.09363502264022827,2705857445888.0,0.07795346528291702,0.07795346528291702
sacred_boxer_20260806_145210,Transolver,44,False,False,1677721600.0,1677714708.0,6400,7151,7164,6190,19.6875,0.9843523485607059,0.05131145566701889,0.004902093205600977,0.06339506059885025,0.06339506059885025,1183589203968.0,0.05095947906374931,0.05095948278903961
sacred_pug_20260805_155615,ABUPT,44,False,False,209715200.0,209704166.0,800,8309,8279,0,-17.5,0.02133059996692287,0.09179408103227615,0.035132259130477905,0.11746195703744888,0.11746195703744888,5934642364416.0,0.09185106307268143,0.09185106307268143
safe_lemur_20260822_233001,Transolver,42,True,False,209715200.0,209715200.0,800,1,800,800,19.999999962747097,1.0,0.12427382916212082,0.02491438016295433,0.14588662981987,0.14588662981987,6307068772352.0,0.12300853431224823,0.12300853431224823
safe_pug_20260804_110743,Transolver,43,False,False,104857600.0,104839170.0,400,2301,2294,118,-1.0546875,0.4069743949473522,0.08017630875110626,0.014078201726078987,0.09830261766910553,0.09830262511968613,2769803542528.0,0.0792044997215271,0.0792044997215271
saved_falcon_20260824_114801,ABUPT,43,True,False,838860800.0,838860800.0,3200,1,3200,3200,19.999999962747097,1.0,0.05163232237100601,0.0035564445424824953,0.05360565707087517,0.05360565707087517,869628116992.0,0.04958953335881233,0.04958953335881233
saved_liger_20260806_075741,ABUPT,42,False,False,838860800.0,838840826.0,3200,3590,3605,3089,19.375,0.9832177765639523,0.036937836557626724,0.0024818626698106527,0.044117558747529984,0.044117558747529984,605995859968.0,0.036338191479444504,0.036338191479444504
saving_ghoul_20260803_213730,Transolver,43,False,False,52428800.0,52426926.0,200,839,842,92,0.2734375,0.545604399268023,0.13179731369018555,0.03198505938053131,0.15708360075950623,0.15708360075950623,6875714682880.0,0.1304326355457306,0.1304326355457306
saving_lizard_20260823_111958,Transolver,44,True,False,209715200.0,209715200.0,800,1,800,800,19.999999962747097,1.0,0.11807047575712204,0.021964406594634056,0.13932959735393524,0.13932959735393524,5560283955200.0,0.11673309653997421,0.11673310399055481
secure_shiner_20260804_131013,Transolver,43,False,False,104857600.0,104849593.0,400,4154,4140,0,-17.5,0.02111064507883991,0.1549067497253418,0.06451711803674698,0.1942216157913208,0.1942216157913208,11109195055104.0,0.1526426076889038,0.1526426076889038
select_fawn_20260803_173657,ABUPT,42,False,False,52428800.0,52417047.0,200,1149,1147,57,-1.09375,0.4165646680822171,0.08986590057611465,0.018709156662225723,0.1074429526925087,0.1074429526925087,3764546174976.0,0.08908501267433167,0.08908501267433167
select_raptor_20260804_020358,ABUPT,44,False,False,52428800.0,52428339.0,200,221,223,194,17.5,0.9793721368940738,0.5415739417076111,0.18840497732162476,0.4592118561267853,0.4592118561267853,46770679709696.0,0.537765622138977,0.537765622138977
set_alpaca_20260806_231720,ABUPT,44,False,False,838860800.0,838857982.0,3200,8530,8508,2146,2.6171875,0.735976776748806,0.03693452104926109,0.002796358661726117,0.04511284455657005,0.04511284455657005,612788994048.0,0.03662319853901863,0.03662319853901863
sharp_dodo_20260805_050746,Transolver,44,False,False,209715200.0,209696360.0,800,4602,4598,235,-0.9765625,0.40676329861853777,0.05845073238015175,0.007540171500295401,0.07282617688179016,0.07282617688179016,1495829053440.0,0.05778724327683449,0.05778724327683449
sharp_dragon_20260805_234449,Transolver,43,False,False,838860800.0,838854003.0,3200,28292,28390,134,-4.21875,0.18073262259916695,0.0513421855866909,0.006695606280118227,0.0654972568154335,0.0654972568154335,1194736222208.0,0.05100298672914505,0.05100298672914505
sharp_magpie_20260805_003749,ABUPT,44,False,False,104857600.0,104840659.0,400,2918,2914,59,-2.2265625,0.29948476220729314,0.05566389486193657,0.0071853818371891975,0.0682423859834671,0.0682423785328865,1366721429504.0,0.05518091097474098,0.05518091097474098
sharp_man_20260804_064515,Transolver,42,False,False,104857600.0,104852475.0,400,448,448,387,18.75,0.983258913615706,0.19144871830940247,0.05565881356596947,0.22401008009910583,0.22401008009910583,13739886641152.0,0.19042888283729553,0.19042888283729553
sharp_ray_20260804_133216,ABUPT,43,False,False,104857600.0,104852475.0,400,448,448,387,18.75,0.983258913615706,0.2791453003883362,0.07416699826717377,0.2743418216705322,0.2743418514728546,18308801757184.0,0.2778998017311096,0.2778998017311096
sharp_shrew_20260823_080512,Transolver,43,True,False,1677721600.0,1677721600.0,6400,1,6400,6400,19.999999962747097,1.0,0.05057985335588455,0.004660343751311302,0.062158457934856415,0.06215846166014671,1137502453760.0,0.05014071613550186,0.05014071613550186
simple_martin_20260803_173620,Transolver,42,False,False,52428800.0,52417047.0,200,1149,1147,57,-1.09375,0.4165646680822171,0.1131216511130333,0.025227999314665794,0.13640017807483673,0.13640017807483673,5076228767744.0,0.11185406148433685,0.11185406148433685
smart_viper_20260803_173357,ABUPT,42,False,False,52428800.0,52426926.0,200,839,842,92,0.2734375,0.545604399268023,0.1086348369717598,0.02280821092426777,0.12375999987125397,0.12375999987125397,4903000342528.0,0.10641659796237946,0.10641659796237946
smooth_bedbug_20260803_194430,Transolver,43,False,False,52428800.0,52428339.0,200,221,223,194,17.5,0.9793721368940738,0.31834670901298523,0.14112772047519684,0.3492394685745239,0.3492394685745239,35034316668928.0,0.3135344982147217,0.3135344982147217
smooth_fox_20260806_013945,ABUPT,43,False,False,419430400.0,419409792.0,1600,14145,14181,69,-4.21875,0.18093220968655863,0.0382746197283268,0.003754399949684739,0.04774853587150574,0.04774853587150574,675144859648.0,0.03791501373052597,0.03791501373052597
social_chow_20260803_173057,ABUPT,42,False,False,52428800.0,52423197.0,200,530,530,135,2.421875,0.7305649158057379,0.17434269189834595,0.03994659706950188,0.1691533476114273,0.1691533476114273,9051142356992.0,0.1688348650932312,0.1688348650932312
solid_bream_20260804_065126,Transolver,42,False,False,104857600.0,104839170.0,400,2301,2294,118,-1.0546875,0.4069743949473522,0.07460916042327881,0.011915789917111397,0.09109023213386536,0.09109023213386536,2344361656320.0,0.07340493053197861,0.07340493053197861
sound_ray_20260806_235258,Transolver,43,False,False,419430400.0,419427813.0,1600,11674,11663,252,-2.34375,0.29047377489098414,0.049755651503801346,0.005914031062275171,0.06288138777017593,0.06288138777017593,1111705911296.0,0.04931667819619179,0.04931667819619179
square_gator_20260807_021046,Transolver,44,False,False,419430400.0,419427009.0,1600,9203,9248,465,-1.015625,0.40455177342359466,0.05388040840625763,0.006647429894655943,0.06783296167850494,0.06783296167850494,1296705781760.0,0.05343921482563019,0.05343921482563019
square_ghost_20260804_215252,ABUPT,44,False,False,104857600.0,104841295.0,400,1065,1060,270,2.3828125,0.7293383639866282,0.09433506429195404,0.015982747077941895,0.10648176074028015,0.10648176074028015,3593196011520.0,0.09295278042554855,0.09295278042554855
square_moray_20260803_071902,Transolver,43,False,False,26214400.0,26190088.0,100,1038,1033,0,-17.5,0.02294235589574641,0.1866310089826584,0.10751456022262573,0.23050901293754578,0.23050901293754578,18972959309824.0,0.18637005984783173,0.18637005984783173
star_oyster_20260805_235110,Transolver,44,False,False,838860800.0,838840826.0,3200,3590,3605,3089,19.375,0.9832177765639523,0.05609731003642082,0.005620802287012339,0.06866771727800369,0.06866772472858429,1372430008320.0,0.05552782863378525,0.05552782863378525
steady_louse_20260804_182043,Transolver,42,False,False,209715200.0,209713170.0,800,896,896,774,18.75,0.9830357019778184,0.11603626608848572,0.021914096549153328,0.1368766725063324,0.1368766725063324,5459106332672.0,0.11529821157455444,0.11529821157455444
steady_midge_20260806_043055,ABUPT,44,False,False,419430400.0,419408881.0,1600,6732,6717,747,0.3515625,0.5410440948711861,0.035377386957407,0.0027637952007353306,0.04366496577858925,0.04366496577858925,569057345536.0,0.03513050079345703,0.03513050079345703
steady_shrew_20260803_085322,ABUPT,43,False,False,26214400.0,26211485.0,100,883,879,4,-4.0625,0.1949942009102404,0.12763313949108124,0.033126965165138245,0.14011354744434357,0.14011353254318237,6249839591424.0,0.12408710271120071,0.12408710271120071
still_dassie_20260805_171228,Transolver,42,False,False,838860800.0,838857982.0,3200,8530,8508,2146,2.6171875,0.735976776748806,0.05260462313890457,0.00576408626511693,0.06590408831834793,0.06590408831834793,1263131295744.0,0.05233846604824066,0.05233846604824066
strong_husky_20260806_043935,ABUPT,44,False,False,419430400.0,419427009.0,1600,9203,9248,465,-1.015625,0.40455177342359466,0.03521796688437462,0.00294333603233099,0.04405112564563751,0.04405112564563751,574152835072.0,0.035064857453107834,0.03506485000252724
strong_seal_20260807_000031,Transolver,43,False,False,419430400.0,419426921.0,1600,16616,16558,0,-17.5,0.02142725451478946,0.11555732786655426,0.03139681741595268,0.1424565464258194,0.1424565315246582,5301749678080.0,0.11453717947006226,0.11453717947006226
subtle_corgi_20260823_082832,Transolver,44,True,False,26214400.0,26214400.0,100,1,100,100,19.999999962747097,1.0,0.3749123811721802,0.16362789273262024,0.3810752332210541,0.3810752332210541,38483955548160.0,0.36325737833976746,0.36325737833976746
suited_loon_20260823_034139,ABUPT,43,False,False,1677721600.0,1677701510.0,6400,36810,36747,1913,-1.015625,0.40245940839773153,0.03448648005723953,0.0029219116549938917,0.043469637632369995,0.043469637632369995,565573713920.0,0.03436001017689705,0.03436001017689705
sunny_macaw_20260803_031841,ABUPT,42,False,False,26214400.0,26197134.0,100,729,728,15,-2.34375,0.2987627574072062,0.1500362604856491,0.037062063813209534,0.15506602823734283,0.15506602823734283,7182720434176.0,0.1456674039363861,0.1456674039363861
sure_swan_20260824_230721,ABUPT,44,True,False,1677721600.0,1677721600.0,6400,1,6400,6400,19.999999962747097,1.0,0.034319184720516205,0.002189888386055827,0.04161548241972923,0.04161548241972923,534510600192.0,0.0341760478913784,0.0341760478913784
sure_toucan_20260807_020706,Transolver,44,False,False,419430400.0,419408881.0,1600,6732,6717,747,0.3515625,0.5410440948711861,0.05544498562812805,0.006665810011327267,0.06927360594272614,0.06927360594272614,1372470902784.0,0.05506059154868126,0.05506059527397156
sure_yeti_20260804_104234,ABUPT,42,False,False,104857600.0,104839170.0,400,2301,2294,118,-1.0546875,0.4069743949473522,0.06645870953798294,0.007406669203191996,0.06933727860450745,0.06933727860450745,1457218650112.0,0.06332655996084213,0.06332655996084213
tender_ox_20260805_214044,Transolver,43,False,False,838860800.0,838854692.0,3200,18411,18433,948,-1.03515625,0.4019849236052932,0.047589972615242004,0.005268862005323172,0.060271255671978,0.060271255671978,1027796566016.0,0.04722641408443451,0.04722641408443451
tight_falcon_20260807_000521,Transolver,44,False,False,419430400.0,419406486.0,1600,1791,1798,1546,18.75,0.983147943476678,0.06491412967443466,0.007352735847234726,0.07798190414905548,0.07798190414905548,1780921663488.0,0.06459201127290726,0.06459201127290726
tight_marten_20260803_172945,Transolver,42,False,False,52428800.0,52428339.0,200,221,223,194,17.5,0.9793721368940738,0.2555592656135559,0.10085001587867737,0.2981747090816498,0.2981747090816498,25035555209216.0,0.2523229122161865,0.2523229122161865
tight_rodent_20260803_065128,ABUPT,43,False,False,26214400.0,26197134.0,100,729,728,15,-2.34375,0.2987627574072062,0.15196967124938965,0.04213497415184975,0.16313868761062622,0.16313868761062622,8165862146048.0,0.15027645230293274,0.15027646720409393
tight_tuna_20260823_022212,Transolver,42,True,False,1677721600.0,1677721600.0,6400,1,6400,6400,19.999999962747097,1.0,0.04698941484093666,0.004074824508279562,0.057890716940164566,0.057890720665454865,994588164096.0,0.04662641882896423,0.04662641882896423
tops_eagle_20260805_072539,ABUPT,43,False,False,209715200.0,209713569.0,800,5838,5812,122,-2.265625,0.29784875478324774,0.03946361318230629,0.0037690619938075542,0.04881956800818443,0.04881956800818443,713421684736.0,0.03917159140110016,0.03917159140110016
tough_bengal_20260804_043024,ABUPT,44,False,False,52428800.0,52426926.0,200,839,842,92,0.2734375,0.545604399268023,0.14917609095573425,0.023979783058166504,0.13257358968257904,0.13257358968257904,5154848374784.0,0.1391635537147522,0.1391635537147522
tough_mouse_20260823_131508,ABUPT,44,False,False,1677721600.0,1677715874.0,6400,66469,66252,0,-17.5,0.020946841248176647,0.09570853412151337,0.02734661102294922,0.1178758442401886,0.1178758442401886,4612438884352.0,0.09566336125135422,0.09566336125135422
unique_ghost_20260805_045651,Transolver,44,False,False,209715200.0,209707300.0,800,2131,2134,538,2.421875,0.7274590302740472,0.07995256036520004,0.012257920578122139,0.09617513418197632,0.09617513418197632,2712972558336.0,0.07860928028821945,0.07860928028821945
united_cat_20260805_215358,ABUPT,42,False,False,419430400.0,419426921.0,1600,16616,16558,0,-17.5,0.02142725451478946,0.10235595703125,0.02638067863881588,0.12068773806095123,0.12068773806095123,4454711033856.0,0.10198408365249634,0.10198408365249634
united_duck_20260806_071805,ABUPT,44,False,False,419430400.0,419426921.0,1600,16616,16558,0,-17.5,0.02142725451478946,0.08792629837989807,0.034136876463890076,0.11526581645011902,0.11526581645011902,5764442750976.0,0.08829168230295181,0.08829168975353241
united_trout_20260804_071600,ABUPT,44,False,False,52428800.0,52409792.0,200,2077,2068,0,-17.5,0.02229154182171743,0.12347713112831116,0.04857654869556427,0.150907963514328,0.150907963514328,8298914381824.0,0.12206616252660751,0.12206616252660751
upward_eagle_20260804_224025,Transolver,43,False,False,209715200.0,209713170.0,800,896,896,774,18.75,0.9830357019778184,0.1108940914273262,0.020224222913384438,0.13159775733947754,0.13159775733947754,5038135050240.0,0.11005862802267075,0.11005862802267075
upward_robin_20260807_021323,ABUPT,44,False,False,838860800.0,838846792.0,3200,23352,23278,507,-2.34375,0.2910770892343535,0.03234657645225525,0.0026666875928640366,0.04081720486283302,0.04081720486283302,496363143168.0,0.032194834202528,0.032194834202528
usable_dragon_20260803_172804,ABUPT,42,False,False,52428800.0,52428339.0,200,221,223,194,17.5,0.9793721368940738,0.4854520857334137,0.15018914639949799,0.40077170729637146,0.4007716774940491,37283776430080.0,0.4852902293205261,0.4852902293205261
usable_gecko_20260804_194115,ABUPT,42,False,False,209715200.0,209707300.0,800,2131,2134,538,2.421875,0.7274590302740472,0.06309591233730316,0.005026102531701326,0.06084836274385452,0.06084836274385452,1112397447168.0,0.06042785197496414,0.06042785197496414
usable_poodle_20260803_192335,Transolver,42,False,False,52428800.0,52410112.0,200,1458,1455,30,-2.34375,0.3000680123242526,0.10138658434152603,0.021659275516867638,0.12257567048072815,0.12257567048072815,4164094787584.0,0.09991774708032608,0.09991774708032608
useful_gopher_20260823_002328,ABUPT,43,False,False,1677721600.0,1677714708.0,6400,7151,7164,6190,19.6875,0.9843523485607059,0.03657417371869087,0.0022676573134958744,0.04236958548426628,0.04236958548426628,547516121088.0,0.03608477860689163,0.03608477860689163
valid_buck_20260823_214558,ABUPT,42,True,False,209715200.0,209715200.0,800,1,800,800,19.999999962747097,1.0,0.09481184184551239,0.012711487710475922,0.10078539699316025,0.10078539699316025,3217910136832.0,0.09184436500072479,0.09184436500072479
valid_moose_20260805_225036,ABUPT,43,False,False,419430400.0,419430133.0,1600,4261,4251,1075,2.6171875,0.7339437813266312,0.04623007774353027,0.0030953267123550177,0.04790177196264267,0.04790176823735237,694045704192.0,0.044599056243896484,0.044599052518606186
valued_cobra_20260804_045609,ABUPT,44,False,False,52428800.0,52404446.0,200,1767,1767,8,-4.21875,0.18907746929246777,0.08797937631607056,0.013743426650762558,0.09046833217144012,0.09046833217144012,2504870592512.0,0.08788113296031952,0.08788115531206131
valued_oyster_20260824_144824,ABUPT,44,True,False,52428800.0,52428800.0,200,1,200,200,19.999999962747097,1.0,0.43929195404052734,0.12261883169412613,0.35989058017730713,0.35989058017730713,30901178204160.0,0.424852579832077,0.424852579832077
viable_dog_20260805_213744,Transolver,43,False,False,838860800.0,838860016.0,3200,13471,13464,1484,0.390625,0.542995126229224,0.05021987482905388,0.0055479081347584724,0.0632481649518013,0.0632481724023819,1146823114752.0,0.0498761311173439,0.0498761311173439
vital_amoeba_20260806_005509,ABUPT,43,False,False,419430400.0,419427813.0,1600,11674,11663,252,-2.34375,0.29047377489098414,0.035233281552791595,0.0030403549317270517,0.04391149431467056,0.04391149431467056,571519008768.0,0.03498998284339905,0.03498997911810875
vital_aphid_20260823_050737,Transolver,43,True,False,104857600.0,104857600.0,400,1,400,400,19.999999962747097,1.0,0.18097801506519318,0.04469909518957138,0.20266665518283844,0.20266665518283844,11491656859648.0,0.17853602766990662,0.17853602766990662
vocal_fox_20260805_011846,ABUPT,42,False,False,209715200.0,209696360.0,800,4602,4598,235,-0.9765625,0.40676329861853777,0.0405961312353611,0.0036609116941690445,0.049225516617298126,0.049225516617298126,726256451584.0,0.04013115167617798,0.04013115167617798
wanted_lamb_20260823_032910,ABUPT,43,False,False,1677721600.0,1677709670.0,6400,26923,26921,2977,0.390625,0.5411453045086606,0.03437240421772003,0.0026920847594738007,0.0429447665810585,0.0429447665810585,550113116160.0,0.0342106856405735,0.0342106856405735
warm_bull_20260803_011151,Transolver,42,False,False,26214400.0,26193356.0,100,575,577,29,-1.02783203125,0.4076257685657341,0.18414364755153656,0.06879410892724991,0.2182866334915161,0.2182866483926773,13714125225984.0,0.1825174242258072,0.1825174242258072
warm_raptor_20260805_065508,ABUPT,42,False,False,209715200.0,209701241.0,800,7073,7051,39,-4.21875,0.18238546256253954,0.038900334388017654,0.0038756614085286856,0.048432428389787674,0.048432428389787674,698172702720.0,0.038548797369003296,0.038548793643713
warm_tarpon_20260823_130748,Transolver,44,True,False,419430400.0,419430400.0,1600,1,1600,1600,19.999999962747097,1.0,0.073988176882267,0.009139539673924446,0.088209368288517,0.08820938318967819,2239033507840.0,0.07351745665073395,0.07351745665073395
warm_troll_20260823_185703,ABUPT,42,True,False,52428800.0,52428800.0,200,1,200,200,19.999999962747097,1.0,0.5427427887916565,0.21756741404533386,0.4988977313041687,0.4988977313041687,54829175013376.0,0.5341384410858154,0.5341384410858154
well_beagle_20260806_123349,Transolver,43,False,False,1677721600.0,1677709670.0,6400,26923,26921,2977,0.390625,0.5411453045086606,0.051541492342948914,0.0059221177361905575,0.06500851362943649,0.0650085061788559,1210153172992.0,0.051137614995241165,0.051137614995241165
well_bear_20260803_193546,Transolver,42,False,False,52428800.0,52404446.0,200,1767,1767,8,-4.21875,0.18907746929246777,0.1006777286529541,0.023844020441174507,0.12458744645118713,0.12458745390176773,4345799901184.0,0.09982117265462875,0.09982117265462875
well_fly_20260806_124435,Transolver,43,False,False,1677721600.0,1677706566.0,6400,46696,46866,981,-2.34375,0.2887996611799048,0.0487322136759758,0.005790733732283115,0.06198597699403763,0.06198597699403763,1077341126656.0,0.04833245649933815,0.04833246022462845
wise_goblin_20260803_090459,Transolver,44,False,False,26214400.0,26199511.0,100,421,421,45,0.4296875,0.5562936389629269,0.2166292369365692,0.08448231965303421,0.25884926319122314,0.25884926319122314,18234044579840.0,0.21640494465827942,0.21640494465827942
witty_locust_20260804_224329,Transolver,43,False,False,209715200.0,209707300.0,800,2131,2134,538,2.421875,0.7274590302740472,0.0672847181558609,0.008830178529024124,0.08111849427223206,0.08111849427223206,1954330968064.0,0.06618346273899078,0.06618346273899078
witty_turtle_20260803_114035,ABUPT,44,False,False,26214400.0,26199511.0,100,421,421,45,0.4296875,0.5562936389629269,0.30244606733322144,0.06426554173231125,0.23391251266002655,0.23391251266002655,13870605271040.0,0.294379860162735,0.294379860162735
worthy_emu_20260805_130437,ABUPT,44,False,False,209715200.0,209715085.0,800,3367,3372,370,0.390625,0.5414578950547944,0.04916879162192345,0.0037783896550536156,0.05168084055185318,0.05168084055185318,788503330816.0,0.04704485461115837,0.04704485461115837
